statistic,p.value,method,alternative,Biomarker,Test_Type,Shapiro_Male_p,Shapiro_Female_p,estimate,estimate1,estimate2,parameter,conf.low,conf.high,Significant_Uncorrected,Significant_Bonferroni,Bonferroni_Threshold
1568,0.4372400572709091,Wilcoxon rank sum test with continuity correction,two.sided,IL-8,Mann-Whitney,0.5544991781363348,0.0014894729896985587,NA,NA,NA,NA,NA,NA,FALSE,FALSE,0.005555555555555556
1336.5,0.041455081589430266,Wilcoxon rank sum test with continuity correction,two.sided,VEGF-A,Mann-Whitney,0.03869301181051873,0.6825360470169112,NA,NA,NA,NA,NA,NA,TRUE,FALSE,0.005555555555555556
1372.5,0.06535608405485241,Wilcoxon rank sum test with continuity correction,two.sided,OPG,Mann-Whitney,1.82594686799839e-4,0.3050486833049445,NA,NA,NA,NA,NA,NA,FALSE,FALSE,0.005555555555555556
1353.5,0.05162758695754817,Wilcoxon rank sum test with continuity correction,two.sided,TGF-beta-1,Mann-Whitney,0.0016916651823209513,0.004997803912765492,NA,NA,NA,NA,NA,NA,FALSE,FALSE,0.005555555555555556
1542.5,0.35972190440394214,Wilcoxon rank sum test with continuity correction,two.sided,IL-6,Mann-Whitney,4.7330827075116517e-4,2.0087925793066902e-5,NA,NA,NA,NA,NA,NA,FALSE,FALSE,0.005555555555555556
1743.5,0.8615069390940082,Wilcoxon rank sum test with continuity correction,two.sided,CXCL9,Mann-Whitney,1.6131002149208788e-5,2.1081034021362862e-8,NA,NA,NA,NA,NA,NA,FALSE,FALSE,0.005555555555555556
1170.5,0.0032418086053339168,Wilcoxon rank sum test with continuity correction,two.sided,CXCL1,Mann-Whitney,7.51499285136317e-5,0.0026015199785607403,NA,NA,NA,NA,NA,NA,TRUE,TRUE,0.005555555555555556
1.1577143886323786,0.24938194900412577,Welch Two Sample t-test,two.sided,IL-18,t-test,0.6120398198169112,0.9624505353967905,0.128375219170076,8.434237288135593,8.305862068965517,114.87931960589822,-0.09127260148882026,0.34802303982897226,FALSE,FALSE,0.005555555555555556
1245,0.01114464577344599,Wilcoxon rank sum test with continuity correction,two.sided,CSF-1,Mann-Whitney,0.9217626470600807,0.04536341870111409,NA,NA,NA,NA,NA,NA,TRUE,FALSE,0.005555555555555556
